TIMESTAMP;ECG;EDA;ANGER;CONTEMPT;DISGUST;FEAR;HAPPINESS;NEUTRAL;SADNESS;SURPRISE
1555652000;0.002924483108909769;8.5569580078125;0.0;0.0;0.0;0.0;0.0;0.879;0.121;0.0
1555652001;0.010416891228538365;8.6663818359375;0.0;0.0;0.0;0.0;0.0;0.951;0.048;0.0
1555652002;-0.005441664241524345;8.69140625;0.0;0.0;0.0;0.0;0.0;0.98;0.02;0.0
1555652003;-0.004127324299338684;8.83665771484375;0.0;0.0;0.0;0.0;0.0;0.904;0.095;0.0
1555652004;-0.0011294119654198778;8.971423339843748;0.0;0.0;0.0;0.0;0.0;0.8640000000000001;0.135;0.0
1555652005;0.002026517395576355;8.92587890625;0.0;0.0;0.0;0.0;0.0;0.893;0.107;0.0
1555652006;-0.002017793619294548;8.884716796875;0.0;0.0;0.0;0.0;0.0;0.8809999999999999;0.11800000000000001;0.0
1555652007;0.009014767310280787;8.83372802734375;0.0;0.0;0.0;0.0;0.0;0.882;0.11699999999999999;0.0
1555652008;-0.004920883300104508;8.83597412109375;0.0;0.0;0.0;0.0;0.0;0.946;0.054000000000000006;0.0
1555652009;-0.01436663824927917;8.76845703125;0.0;0.0;0.0;0.0;0.0;0.973;0.027000000000000003;0.0
1555652010;0.006138975639419316;8.76656494140625;0.0;0.0;0.0;0.0;0.0;0.9540000000000001;0.046;0.0
1555652011;-0.0009217962011289217;8.79422607421875;0.0;0.0;0.0;0.0;0.0;0.961;0.039;0.0
1555652013;-0.0003029790872898925;8.799609375;0.0;0.0;0.0;0.0;0.0;0.98;0.019;0.0
1555652014;3.631119451889885e-05;8.7650634765625;0.0;0.0;0.0;0.0;0.0;0.9840000000000001;0.015;0.0
1555652015;0.007066661037485307;8.7240478515625;0.0;0.0;0.0;0.0;0.0;0.9440000000000001;0.055999999999999994;0.0
1555652016;-0.001772262736739703;8.66793212890625;0.0;0.0;0.0;0.0;0.0;0.883;0.11699999999999999;0.0
1555652017;0.0008001163358772607;8.6669921875;0.0;0.0;0.0;0.0;0.0;0.9440000000000001;0.055;0.0
1555652018;0.00336064202276755;8.6669921875;0.0;0.0;0.0;0.0;0.0;0.983;0.017;0.0
1555652019;-0.0020004756970336108;8.66162109375;0.0;0.0;0.0;0.0;0.0;0.9590000000000001;0.04;0.0
1555652020;-0.00471605774824765;8.84176025390625;0.0;0.0;0.0;0.0;0.0;0.956;0.043;0.0
1555652021;0.008806801041920305;8.993115234375;0.0;0.0;0.0;0.0;0.0;0.971;0.027999999999999997;0.0
1555652022;-0.010018783906988616;9.053369140625;0.0;0.0;0.0;0.0;0.0;0.9490000000000001;0.051;0.0
1555652023;0.0020432641414760595;9.00439453125;0.0;0.0;0.0;0.0;0.0;0.981;0.018000000000000002;0.0
1555652024;0.010338252242884446;8.92244873046875;0.0;0.0;0.0;0.0;0.0;0.99;0.01;0.0
1555652025;-0.014377303199754396;8.8622802734375;0.0;0.0;0.0;0.0;0.0;0.9940000000000001;0.005;0.0
1555652026;-0.002912788678713955;8.82626953125;0.0;0.0;0.0;0.0;0.0;0.9470000000000001;0.053;0.0
1555652027;0.0066481458236091395;8.822314453125;0.0;0.0;0.0;0.0;0.0;0.991;0.009000000000000001;0.0
1555652028;-0.00012016668514273533;8.83341064453125;0.0;0.0;0.0;0.0;0.0;0.988;0.012;0.0
1555652029;0.003267218075224872;8.8134765625;0.0;0.0;0.0;0.0;0.0;0.988;0.012;0.0
1555652030;0.0037542397013200423;8.7888916015625;0.0;0.0;0.0;0.0;0.0;0.9890000000000001;0.011000000000000001;0.0
1555652031;-0.007600516695847629;8.76365966796875;0.0;0.0;0.0;0.0;0.0;0.966;0.034;0.0
1555652032;-0.0026308336253475038;8.94407958984375;0.0;0.0;0.0;0.0;0.0;0.978;0.022000000000000002;0.0
1555652034;-0.006532455749703098;8.921728515625;0.0;0.0;0.0;0.0;0.0;0.966;0.034;0.0
1555652035;0.01027879851628943;8.901220703125;0.0;0.0;0.0;0.0;0.0;0.963;0.036000000000000004;0.0
1555652036;-0.0014914758960118658;8.859191894531248;0.0;0.0;0.0;0.0;0.0;0.97;0.028999999999999998;0.0
1555652037;0.014754078110002034;8.815087890625;0.0;0.0;0.0;0.0;0.0;0.971;0.028999999999999998;0.0
1555652038;-0.020290254347438568;8.78026123046875;0.0;0.0;0.0;0.0;0.0;0.946;0.053;0.0
1555652039;-0.0022682964700046393;8.7607177734375;0.0;0.0;0.0;0.0;0.0;0.981;0.019;0.0
1555652040;0.008690472975517043;8.78516845703125;0.0;0.0;0.0;0.0;0.0;0.956;0.044000000000000004;0.0
1555652041;-0.0055801520636251075;8.79378662109375;0.0;0.0;0.0;0.0;0.0;0.996;0.003;0.0
1555652042;0.011817515802344998;8.76998291015625;0.0;0.0;0.0;0.0;0.0;0.993;0.006999999999999999;0.0
1555652043;0.0014819771469992645;8.76483154296875;0.0;0.0;0.0;0.0;0.0;0.981;0.019;0.0
1555652044;0.0026976045735112642;8.7646484375;0.0;0.0;0.0;0.0;0.0;0.988;0.012;0.0
1555652045;-0.015351539213098503;8.7646484375;0.0;0.0;0.0;0.0;0.0;0.9890000000000001;0.011000000000000001;0.0
1555652046;-0.0020419668932925147;8.714599609375;0.0;0.0;0.0;0.0;0.0;0.9840000000000001;0.016;0.0
1555652047;0.013540546566666969;8.73175048828125;0.0;0.0;0.0;0.0;0.0;0.975;0.024;0.0
1555652048;0.006443363915126805;8.7765625;0.0;0.0;0.0;0.0;0.0;0.983;0.017;0.0
1555652049;-0.01698315896794345;8.7646484375;0.0;0.0;0.0;0.0;0.0;0.987;0.012;0.0
1555652050;0.012811687627848522;8.7646484375;0.0;0.0;0.0;0.0;0.0;0.96;0.04;0.0
1555652051;-0.011162930959417748;8.7458251953125;0.0;0.0;0.0;0.0;0.0;0.987;0.013000000000000001;0.0
1555652053;0.005253581251305557;8.69189453125;0.0;0.0;0.0;0.0;0.0;0.971;0.027999999999999997;0.0
1555652054;0.00704540784502747;8.6516357421875;0.0;0.0;0.0;0.0;0.0;0.9840000000000001;0.016;0.0
1555652055;-0.005430171178359896;8.63719482421875;0.0;0.0;0.0;0.0;0.0;0.981;0.019;0.0
1555652056;0.0005374051696567545;8.61387939453125;0.0;0.0;0.0;0.0;0.0;0.982;0.018000000000000002;0.0
1555652057;-0.0016429006327301095;8.618164062499998;0.0;0.0;0.0;0.0;0.0;0.983;0.017;0.0
1555652058;0.0001012000523354136;8.618164062499998;0.0;0.0;0.0;0.0;0.0;0.982;0.018000000000000002;0.0
1555652059;-0.002751961775099093;8.603051757812498;0.0;0.0;0.0;0.0;0.0;0.973;0.027000000000000003;0.0
1555652060;0.010742365660948612;8.58553466796875;0.0;0.0;0.0;0.0;0.0;0.975;0.025;0.0
1555652061;-0.006497165317226746;8.5693359375;0.0;0.0;0.0;0.0;0.0;0.978;0.022000000000000002;0.0
1555652062;0.01013286262382843;8.573828125;0.0;0.0;0.0;0.0;0.0;0.982;0.018000000000000002;0.0
1555652063;-0.015640803257397622;8.59200439453125;0.0;0.0;0.0;0.0;0.0;0.958;0.039;0.002
1555652064;-0.002761018676511332;8.593749999999998;0.0;0.0;0.0;0.0;0.0;0.988;0.012;0.0
1555652065;0.0033429873813225;8.593749999999998;0.0;0.0;0.0;0.0;0.0;0.98;0.02;0.0
1555652066;0.012809779336634151;8.642919921875;0.0;0.0;0.0;0.0;0.0;0.978;0.022000000000000002;0.0
1555652067;-0.009525832719724658;8.96080322265625;0.0;0.0;0.0;0.0;0.0;0.9690000000000001;0.031;0.0
1555652068;0.0014133553918474167;9.068505859375;0.0;0.0;0.0;0.0;0.0;0.992;0.008;0.0
1555652069;0.0034034122330379325;9.00550537109375;0.0;0.0;0.0;0.0;0.0;0.963;0.036000000000000004;0.0
1555652070;-0.002422889472035455;8.94932861328125;0.0;0.0;0.0;0.0;0.0;0.977;0.023;0.0
1555652072;0.00436140586361556;9.022412109375;0.0;0.0;0.0;0.0;0.0;0.97;0.03;0.0
1555652073;-0.005668981312034282;9.08740234375;0.0;0.0;0.0;0.0;0.0;0.961;0.039;0.0
1555652074;0.009504345518992034;9.0893798828125;0.0;0.0;0.0;0.0;0.0;0.966;0.034;0.0
1555652075;0.003714786988234083;9.05657958984375;0.0;0.0;0.0;0.0;0.0;0.9670000000000001;0.033;0.0
1555652076;0.0052731944483031465;9.0706298828125;0.0;0.0;0.0;0.0;0.0;0.93;0.069;0.0
1555652077;-0.0026939183177904077;8.97708740234375;0.0;0.0;0.0;0.0;0.0;0.9520000000000001;0.048;0.0
1555652078;-0.004738932034005986;8.9233642578125;0.0;0.0;0.0;0.0;0.0;0.9570000000000001;0.043;0.0
1555652079;0.0025860700880373216;8.88671875;0.0;0.0;0.0;0.0;0.0;0.97;0.03;0.0
1555652080;-0.01570411900545504;8.9602783203125;0.0;0.0;0.0;0.0;0.0;0.9279999999999999;0.07200000000000001;0.0
1555652081;0.01690877110237491;9.04678955078125;0.0;0.0;0.0;0.0;0.0;0.953;0.047;0.0
1555652082;-0.007459000877273075;8.99046630859375;0.0;0.0;0.0;0.0;0.0;0.9670000000000001;0.033;0.0
1555652083;0.010354993336681065;8.92003173828125;0.0;0.0;0.0;0.0;0.0;0.9940000000000001;0.006;0.0
1555652084;-0.011789250683563669;8.88582763671875;0.0;0.0;0.0;0.0;0.0;0.99;0.01;0.0
1555652085;-0.0007315893294219619;8.862304687499998;0.0;0.0;0.0;0.0;0.0;0.97;0.03;0.0
1555652086;0.009844777642396602;8.884130859375;0.0;0.0;0.0;0.0;0.0;0.966;0.033;0.0
1555652087;-0.007579112137875473;8.8853515625;0.0;0.0;0.0;0.0;0.0;0.965;0.035;0.0
1555652088;0.004798404193570383;8.83245849609375;0.0;0.0;0.0;0.0;0.0;0.9790000000000001;0.021;0.0
1555652089;-0.01287004382851499;8.78419189453125;0.0;0.0;0.0;0.0;0.0;0.9640000000000001;0.036000000000000004;0.0
1555652090;-0.000773834310018716;8.7646484375;0.0;0.0;0.0;0.0;0.0;0.966;0.033;0.0
1555652092;0.005519445470235804;8.721008300781248;0.0;0.0;0.0;0.0;0.0;0.917;0.083;0.0
1555652093;-0.0003135640985968601;8.69969482421875;0.0;0.0;0.0;0.0;0.0;0.95;0.05;0.0
1555652094;0.0006275308405173753;8.6796142578125;0.0;0.0;0.0;0.0;0.0;0.937;0.063;0.0
1555652095;0.0021254025724236;8.663623046875;0.0;0.0;0.0;0.0;0.0;0.889;0.11;0.0
1555652096;0.01315982385244599;8.63460693359375;0.0;0.0;0.0;0.0;0.0;0.955;0.045;0.0
1555652097;-0.017396066510485444;8.600610351562498;0.0;0.0;0.0;0.0;0.0;0.988;0.012;0.0
1555652098;-0.00479754724180442;8.593749999999998;0.0;0.0;0.0;0.0;0.0;0.972;0.027999999999999997;0.0
1555652099;0.008659255481939356;8.593749999999998;0.0;0.0;0.0;0.0;0.0;0.991;0.009000000000000001;0.0
1555652100;0.011498961598316834;8.600976562499998;0.0;0.0;0.0;0.0;0.0;0.9790000000000001;0.021;0.0
1555652101;-0.010114879464850802;8.6299560546875;0.0;0.0;0.0;0.0;0.0;0.983;0.016;0.0
1555652102;-0.0001838571003470768;8.6244873046875;0.0;0.0;0.0;0.0;0.0;0.981;0.018000000000000002;0.0
1555652103;0.00349122244292794;8.588916015625;0.0;0.0;0.0;0.0;0.0;0.983;0.017;0.0
1555652104;0.0002604329901316268;8.5650146484375;0.0;0.0;0.0;0.0;0.0;0.973;0.026000000000000002;0.0
1555652105;-0.012567321799039235;8.5272705078125;0.0;0.0;0.0;0.0;0.0;0.97;0.028999999999999998;0.0
1555652106;0.000530888331661889;8.5205078125;0.0;0.0;0.0;0.0;0.0;0.9690000000000001;0.031;0.0
1555652107;0.0029423397287764944;8.49857177734375;0.0;0.0;0.0;0.0;0.0;0.922;0.078;0.0
1555652108;0.0069740797356171655;8.45960693359375;0.0;0.0;0.0;0.0;0.0;0.96;0.04;0.0
1555652109;-0.0016715033440444064;8.43033447265625;0.0;0.0;0.0;0.0;0.0;0.951;0.049;0.0
1555652110;-0.001651835584944485;8.4071533203125;0.0;0.0;0.0;0.0;0.0;0.953;0.047;0.0
1555652112;0.0007840124391101358;8.5467529296875;0.0;0.0;0.0;0.0;0.0;0.966;0.033;0.0
1555652113;0.00573012719956829;8.5781982421875;0.0;0.0;0.0;0.0;0.0;0.99;0.009000000000000001;0.0
1555652114;-0.007404402846811986;8.57227783203125;0.0;0.0;0.0;0.0;0.0;0.9940000000000001;0.006;0.0
1555652115;-0.0044791648443455465;8.5693359375;0.0;0.0;0.0;0.0;0.0;0.98;0.019;0.0
1555652116;-0.00013338662048862572;8.5693359375;0.0;0.0;0.0;0.0;0.0;0.9670000000000001;0.032;0.0
1555652117;0.0007992456879758802;8.519091796875;0.0;0.0;0.0;0.0;0.0;0.968;0.031;0.0
1555652118;0.008778606425369038;8.485729980468749;0.0;0.0;0.0;0.0;0.0;0.9740000000000001;0.026000000000000002;0.0
1555652119;-0.002995606583466044;8.47332763671875;0.0;0.0;0.0;0.0;0.0;0.96;0.04;0.0
1555652120;-0.0005826266190895999;8.496093749999998;0.0;0.0;0.0;0.0;0.0;0.977;0.023;0.0
1555652121;0.016939146220027932;8.492651367187499;0.0;0.0;0.0;0.0;0.0;0.955;0.045;0.0
1555652122;-0.021186620686642142;8.4236083984375;0.0;0.0;0.0;0.0;0.0;0.953;0.046;0.0
1555652123;0.002582765368220202;8.3984375;0.0;0.0;0.0;0.0;0.0;0.976;0.024;0.0
1555652124;0.003860563325868322;8.37518310546875;0.0;0.0;0.0;0.0;0.0;0.973;0.027000000000000003;0.0
1555652125;0.013740263507417716;8.41024169921875;0.0;0.0;0.0;0.0;0.0;0.9790000000000001;0.021;0.0
1555652126;-0.019817929486910944;8.42332763671875;0.0;0.0;0.0;0.0;0.0;0.9890000000000001;0.011000000000000001;0.0
1555652127;9.8562406743283e-05;8.442626953125;0.0;0.0;0.0;0.0;0.0;0.985;0.015;0.0
1555652128;-8.962902680497734e-05;8.43155517578125;0.0;0.0;0.0;0.0;0.0;0.9640000000000001;0.036000000000000004;0.0
1555652129;0.0075132424394122295;8.4505859375;0.0;0.0;0.0;0.0;0.0;0.975;0.025;0.0
1555652131;0.010992000135519113;8.69058837890625;0.0;0.0;0.0;0.0;0.0;0.972;0.027999999999999997;0.0
1555652132;-0.016253168396856834;8.65267333984375;0.0;0.0;0.0;0.0;0.0;0.9670000000000001;0.033;0.0
1555652133;-0.0016617794240868732;8.600671386718748;0.0;0.0;0.0;0.0;0.0;0.977;0.022000000000000002;0.0
1555652134;0.013932240284308908;8.57669677734375;0.0;0.0;0.0;0.0;0.0;0.978;0.022000000000000002;0.0
1555652135;-0.019257406296470242;8.5693359375;0.0;0.0;0.0;0.0;0.0;0.951;0.049;0.0
1555652136;0.0022336159941718906;8.55750732421875;0.0;0.0;0.0;0.0;0.0;0.955;0.044000000000000004;0.0
1555652137;0.006858188277312129;8.544921875;0.0;0.0;0.0;0.0;0.0;0.915;0.085;0.0
1555652138;0.0014655432004666653;8.5558349609375;0.0;0.0;0.0;0.0;0.0;0.9590000000000001;0.04;0.0
1555652139;-0.00664298063243623;8.51483154296875;0.0;0.0;0.0;0.0;0.0;0.9129999999999999;0.087;0.0
1555652140;0.003558162536601254;8.516015625;0.0;0.0;0.0;0.0;0.0;0.978;0.022000000000000002;0.0
1555652141;0.010497824290187412;8.479602050781248;0.0;0.0;0.0;0.0;0.0;0.9670000000000001;0.032;0.0
1555652142;0.002504796029880524;8.456689453125;0.0;0.0;0.0;0.0;0.0;0.9690000000000001;0.031;0.0
1555652143;-0.014920870284356959;8.42662353515625;0.0;0.0;0.0;0.0;0.0;0.987;0.012;0.0
1555652144;-0.005153982429808418;8.43341064453125;0.0;0.0;0.0;0.0;0.0;0.972;0.027999999999999997;0.0
1555652145;-0.002470994075217083;8.4085205078125;0.0;0.0;0.0;0.0;0.0;0.977;0.023;0.0
1555652146;0.003743012722559395;8.3769775390625;0.0;0.0;0.0;0.0;0.0;0.976;0.024;0.0
1555652147;-0.0008655916350207048;8.39031982421875;0.0;0.0;0.0;0.0;0.0;0.9440000000000001;0.055;0.0
1555652148;0.006397976068069779;8.374023437499998;0.0;0.0;0.0;0.0;0.0;0.965;0.034;0.0
1555652149;0.00300989703452564;8.3345947265625;0.0;0.0;0.0;0.0;0.0;0.978;0.022000000000000002;0.0
1555652150;-0.0037249498718056853;8.2800537109375;0.0;0.0;0.0;0.0;0.0;0.9490000000000001;0.05;0.0
1555652152;-0.008842217032308716;8.2624267578125;0.0;0.0;0.0;0.0;0.0;0.9309999999999999;0.069;0.0
1555652153;-0.0015111818408090985;8.246752929687498;0.0;0.0;0.0;0.0;0.0;0.9620000000000001;0.038;0.0
1555652154;-0.0023708557272636125;8.2188720703125;0.0;0.0;0.0;0.0;0.0;0.938;0.062;0.0
1555652155;0.009925845072790205;8.18387451171875;0.0;0.0;0.0;0.0;0.0;0.983;0.017;0.0
1555652156;0.007331787854047277;8.1787109375;0.0;0.0;0.0;0.0;0.0;0.968;0.032;0.0
1555652157;-0.007660713318949126;8.16531982421875;0.0;0.0;0.0;0.0;0.0;0.9570000000000001;0.043;0.0
1555652158;-0.0022845422787665733;8.13582763671875;0.0;0.0;0.0;0.0;0.0;0.983;0.017;0.0
1555652159;0.0044168301990644395;8.09254150390625;0.0;0.0;0.0;0.0;0.0;0.9840000000000001;0.016;0.0
1555652160;0.005842704168663523;8.10631103515625;0.0;0.0;0.0;0.0;0.0;0.988;0.012;0.0
1555652161;0.005759856375639622;8.1853271484375;0.0;0.0;0.0;0.0;0.0;0.961;0.039;0.0
1555652162;-0.020829901082423264;8.203125;0.0;0.0;0.0;0.0;0.0;0.981;0.019;0.0
1555652163;0.002580496863345041;8.1960205078125;0.0;0.0;0.0;0.0;0.0;0.96;0.04;0.0
1555652164;0.004557565241805036;8.181591796875;0.0;0.0;0.0;0.0;0.0;0.976;0.023;0.0
1555652165;0.005204820226864439;8.14302978515625;0.0;0.0;0.0;0.0;0.0;0.98;0.02;0.0
1555652166;-0.017296771917146136;8.107434082031249;0.0;0.0;0.0;0.0;0.0;0.993;0.006999999999999999;0.0
1555652167;0.010197012202065023;8.08519287109375;0.0;0.0;0.0;0.0;0.0;0.983;0.017;0.0
1555652168;0.0012216652681868974;8.098828125;0.0;0.0;0.0;0.0;0.0;0.987;0.013000000000000001;0.0
1555652170;0.01357641873753154;8.22200927734375;0.0;0.0;0.0;0.0;0.0;0.955;0.045;0.0
1555652171;-0.013363132200193436;8.227539062499998;0.0;0.0;0.0;0.0;0.0;0.99;0.01;0.0
1555652172;-0.0033240765848049428;8.228308105468749;0.0;0.0;0.0;0.0;0.0;0.981;0.018000000000000002;0.0
1555652173;0.00296950584610098;8.2887939453125;0.0;0.0;0.0;0.0;0.0;0.9840000000000001;0.015;0.0
1555652174;0.01978772500542612;8.47972412109375;0.0;0.0;0.0;0.0;0.0;0.988;0.012;0.0
1555652175;-0.02001028076289561;8.4763916015625;0.0;0.0;0.0;0.0;0.0;0.9840000000000001;0.016;0.0
1555652176;-0.0020872117880769967;8.41055908203125;0.0;0.0;0.0;0.0;0.0;0.9790000000000001;0.021;0.0
1555652177;0.014441056048735103;8.41234130859375;0.0;0.0;0.0;0.0;0.0;0.9590000000000001;0.040999999999999995;0.0
1555652178;-0.003471134204408191;8.42437744140625;0.0;0.0;0.0;0.0;0.0;0.9740000000000001;0.026000000000000002;0.0
1555652179;-0.011244074597493298;8.3984375;0.0;0.0;0.0;0.0;0.0;0.914;0.086;0.0
1555652180;0.0006338331435643378;8.3750732421875;0.0;0.0;0.0;0.0;0.0;0.9520000000000001;0.048;0.0
1555652181;0.0042263055416960505;8.302783203125;0.0;0.0;0.0;0.0;0.0;0.9520000000000001;0.048;0.0
1555652182;-0.008051919972134848;8.25970458984375;0.0;0.0;0.0;0.0;0.0;0.95;0.05;0.0
1555652183;0.022235734779721832;8.286376953125;0.0;0.0;0.0;0.0;0.0;0.941;0.057999999999999996;0.0
1555652184;0.0064621356979760744;8.27191162109375;0.0;0.0;0.0;0.0;0.0;0.981;0.019;0.0
1555652185;-0.025336979050928226;8.3156005859375;0.0;0.0;0.0;0.0;0.0;0.9470000000000001;0.052000000000000005;0.0
1555652186;-0.003818405101236045;8.392675781249999;0.0;0.0;0.0;0.0;0.0;0.946;0.053;0.0
1555652187;0.0008672029948081232;8.607275390625;0.0;0.0;0.0;0.0;0.0;0.9740000000000001;0.025;0.0
1555652188;0.0035324985584504697;8.6439208984375;0.0;0.0;0.0;0.0;0.0;0.946;0.053;0.0
1555652190;0.0011043866888922284;8.52276611328125;0.0;0.0;0.0;0.0;0.0;0.9690000000000001;0.031;0.0
1555652191;0.003190564344028925;8.454833984375;0.0;0.0;0.0;0.0;0.0;0.976;0.024;0.0
1555652192;0.010976986487810064;8.42911376953125;0.0;0.0;0.0;0.0;0.0;0.9209999999999999;0.079;0.0
1555652193;-0.01160819108426728;8.4246826171875;0.0;0.0;0.0;0.0;0.0;0.977;0.023;0.0
1555652194;0.0039660850217583645;8.43865966796875;0.0;0.0;0.0;0.0;0.0;0.977;0.023;0.0
1555652195;0.0033811402266537447;8.4056396484375;0.0;0.0;0.0;0.0;0.0;0.966;0.034;0.0
1555652196;-0.005957573627608263;8.3724365234375;0.0;0.0;0.0;0.0;0.0;0.907;0.092;0.0
1555652197;0.0059125535040455935;8.349609374999998;0.0;0.0;0.0;0.0;0.0;0.94;0.06;0.0
1555652198;-0.007602969968801219;8.30587158203125;0.0;0.0;0.0;0.0;0.0;0.961;0.039;0.0
1555652199;0.018683822188091715;8.294775390625;0.0;0.0;0.0;0.0;0.0;0.943;0.055999999999999994;0.0
1555652200;0.0002354710738176355;8.3258056640625;0.0;0.0;0.0;0.0;0.0;0.826;0.17300000000000001;0.0
1555652201;-0.014569184084377641;8.285205078125;0.0;0.0;0.0;0.0;0.0;0.985;0.013999999999999999;0.0
1555652202;0.004578430052665541;8.36881103515625;0.0;0.0;0.0;0.0;0.0;0.95;0.05;0.0
1555652203;-0.00462104320648724;8.40919189453125;0.0;0.0;0.0;0.0;0.0;0.953;0.046;0.0
1555652204;0.0080124685372591;8.61983642578125;0.0;0.0;0.0;0.0;0.0;0.9390000000000001;0.061;0.0
1555652205;-0.007767750644212673;8.634912109375;0.0;0.0;0.0;0.0;0.0;0.982;0.017;0.0
1555652206;-0.0045964152734652855;8.58447265625;0.0;0.0;0.0;0.0;0.0;0.9840000000000001;0.016;0.0
1555652207;0.008450509682502522;8.5767333984375;0.0;0.0;0.0;0.0;0.0;0.993;0.006999999999999999;0.0
1555652209;-0.01828072882855097;8.5361328125;0.0;0.0;0.0;0.0;0.0;0.992;0.008;0.0
1555652210;0.008441048106695376;8.48939208984375;0.0;0.0;0.0;0.0;0.0;0.98;0.02;0.0
1555652211;-0.005455517609247701;8.496020507812498;0.0;0.0;0.0;0.0;0.0;0.98;0.02;0.0
1555652212;0.013051606158620627;8.4357666015625;0.0;0.0;0.0;0.0;0.0;0.978;0.022000000000000002;0.0
1555652213;-0.015880438684482374;8.4415771484375;0.0;0.0;0.0;0.0;0.0;0.987;0.012;0.0
1555652214;0.006521646846215198;8.44735107421875;0.0;0.0;0.0;0.0;0.0;0.9840000000000001;0.016;0.0
1555652215;-0.001916760920410616;8.404443359375;0.0;0.0;0.0;0.0;0.0;0.987;0.013000000000000001;0.0
1555652216;0.002687189213236575;8.40064697265625;0.0;0.0;0.0;0.0;0.0;0.985;0.015;0.0
1555652217;0.00718476148478802;8.415478515625;0.0;0.0;0.0;0.0;0.0;0.987;0.012;0.0
1555652218;-0.006068631062231786;8.41864013671875;0.0;0.0;0.0;0.0;0.0;0.965;0.034;0.0
1555652219;0.008717366740688908;8.38997802734375;0.0;0.0;0.0;0.0;0.0;0.987;0.013000000000000001;0.0
1555652220;-0.006995325657812158;8.30838623046875;0.0;0.0;0.0;0.0;0.0;0.955;0.044000000000000004;0.0
1555652221;-0.010816471770807549;8.1631103515625;0.0;0.0;0.0;0.0;0.0;0.9670000000000001;0.033;0.0
1555652222;-0.0029754172300612085;8.20782470703125;0.0;0.0;0.0;0.0;0.0;0.975;0.025;0.0
1555652223;0.003801399704403149;8.371875;0.0;0.0;0.0;0.0;0.0;0.9079999999999999;0.092;0.0
1555652224;0.008478425105109063;8.40970458984375;0.0;0.0;0.0;0.0;0.0;0.973;0.027000000000000003;0.0
1555652225;-0.007488280158730028;8.36890869140625;0.0;0.0;0.0;0.0;0.0;0.9890000000000001;0.011000000000000001;0.0
1555652226;0.003270215377640809;8.35341796875;0.001;0.0;0.0;0.0;0.0;0.9940000000000001;0.005;0.0
1555652227;0.011284750039857691;8.18150634765625;0.0;0.0;0.0;0.0;0.0;0.998;0.001;0.0
1555652229;0.01115473414328546;8.4545166015625;0.0;0.0;0.0;0.0;0.0;0.995;0.005;0.0
1555652230;-0.0072869074193356404;8.45487060546875;0.0;0.0;0.0;0.0;0.0;0.986;0.013999999999999999;0.0
1555652231;-0.004862411090262626;8.42196044921875;0.0;0.0;0.0;0.0;0.0;0.987;0.012;0.0
1555652232;0.007131312030232906;8.54658203125;0.0;0.0;0.0;0.0;0.0;0.987;0.013000000000000001;0.0
1555652233;-0.0037218637569663908;8.5513427734375;0.0;0.0;0.0;0.0;0.0;0.972;0.027999999999999997;0.0
1555652234;-0.00320805257963932;8.49735107421875;0.0;0.0;0.0;0.0;0.0;0.9890000000000001;0.011000000000000001;0.0
1555652235;0.002074908266675486;8.488903808593749;0.0;0.0;0.0;0.0;0.0;0.988;0.012;0.0
1555652236;0.0029303685768117195;8.45736083984375;0.0;0.0;0.0;0.0;0.0;0.9890000000000001;0.011000000000000001;0.0
1555652237;0.0032907972317868304;8.440380859375;0.0;0.0;0.0;0.0;0.0;0.985;0.015;0.0
1555652238;0.009271887501450677;8.40869140625;0.0;0.0;0.0;0.0;0.0;0.983;0.017;0.0
1555652239;-0.015595983642892303;8.3984375;0.0;0.0;0.0;0.0;0.0;0.993;0.006;0.0
1555652240;-0.0006803095013942717;8.37796630859375;0.0;0.0;0.0;0.0;0.0;0.991;0.009000000000000001;0.0
1555652241;0.0005914279040181224;8.357861328124999;0.0;0.0;0.0;0.0;0.0;0.991;0.009000000000000001;0.0
1555652242;-0.0007171460244600106;8.31474609375;0.0;0.0;0.0;0.0;0.0;0.991;0.009000000000000001;0.0
1555652243;0.006230264022390862;8.30078125;0.0;0.0;0.0;0.0;0.0;0.995;0.005;0.0
1555652244;-0.0058783726524379255;8.27666015625;0.0;0.0;0.0;0.0;0.0;0.996;0.004;0.0
1555652245;0.005617995893921095;8.2633056640625;0.0;0.0;0.0;0.0;0.0;0.995;0.005;0.0
1555652246;0.007565565146962111;8.21700439453125;0.0;0.0;0.0;0.0;0.0;0.992;0.008;0.0
1555652247;-0.011589919175214548;8.2082763671875;0.0;0.0;0.0;0.0;0.0;0.993;0.006999999999999999;0.0
1555652249;0.007878310136341255;8.17554931640625;0.0;0.0;0.0;0.0;0.0;0.97;0.028999999999999998;0.0
1555652250;0.0043998368292935104;8.138916015625;0.0;0.0;0.0;0.0;0.0;0.982;0.018000000000000002;0.0
1555652251;-0.00014238661432698952;8.105468749999998;0.0;0.0;0.0;0.0;0.0;0.968;0.031;0.0
1555652252;0.004586035186684277;8.09140625;0.0;0.0;0.0;0.0;0.0;0.981;0.018000000000000002;0.0
1555652253;-0.011186168230917014;8.105468749999998;0.0;0.0;0.0;0.0;0.0;0.961;0.038;0.0
1555652254;0.003402359280089709;7.96168212890625;0.0;0.0;0.0;0.0;0.0;0.978;0.022000000000000002;0.0
1555652255;0.02044949549524589;7.7706298828125;0.001;0.0;0.0;0.0;0.0;0.972;0.027999999999999997;0.0
1555652256;-0.0286569249969394;7.91614990234375;0.0;0.0;0.0;0.0;0.0;0.9890000000000001;0.011000000000000001;0.0
1555652257;0.01542740690894899;7.9427978515625;0.0;0.0;0.0;0.0;0.0;0.972;0.027999999999999997;0.0
1555652258;0.011935967261232238;8.1630859375;0.0;0.0;0.0;0.0;0.0;0.986;0.013999999999999999;0.0
1555652259;-0.01967485187104986;8.230041503906248;0.0;0.0;0.0;0.0;0.0;0.987;0.013000000000000001;0.0
1555652260;0.011757941813163076;8.29368896484375;0.0;0.0;0.0;0.0;0.0;0.981;0.019;0.0
1555652261;-0.008326891776251006;8.4318115234375;0.0;0.0;0.0;0.0;0.0;0.9490000000000001;0.051;0.0
1555652262;-0.0062382741964117;8.41524658203125;0.0;0.0;0.0;0.0;0.0;0.9890000000000001;0.011000000000000001;0.0
1555652263;0.00269207585218923;8.38656005859375;0.0;0.0;0.0;0.0;0.0;0.966;0.034;0.0
1555652264;0.006592893563669969;8.39925537109375;0.0;0.0;0.0;0.0;0.0;0.9640000000000001;0.035;0.0
1555652265;0.003964879713019871;8.47001953125;0.0;0.0;0.0;0.0;0.0;0.976;0.024;0.0
1555652266;-0.005763436766664657;8.46055908203125;0.0;0.0;0.0;0.0;0.0;0.972;0.027999999999999997;0.0
1555652267;0.0010343063657669974;8.42510986328125;0.0;0.0;0.0;0.0;0.0;0.9640000000000001;0.036000000000000004;0.0
1555652269;-0.009613838225899882;8.19158935546875;0.0;0.0;0.0;0.0;0.0;0.934;0.066;0.0
1555652270;-0.00038941259776252796;8.111730957031249;0.0;0.0;0.0;0.0;0.0;0.951;0.048;0.0
1555652271;-0.003144354827680973;8.21119384765625;0.0;0.0;0.0;0.0;0.0;0.9390000000000001;0.061;0.0
1555652272;0.005867519030820806;8.32969970703125;0.0;0.0;0.0;0.0;0.0;0.966;0.034;0.0
1555652273;0.00017933903180249;8.17607421875;0.0;0.0;0.0;0.0;0.0;0.96;0.039;0.0
1555652274;0.012437196815779143;8.30294189453125;0.0;0.0;0.0;0.0;0.0;0.953;0.047;0.0
1555652275;-0.002150295406259705;8.3406982421875;0.0;0.0;0.0;0.0;0.0;0.956;0.044000000000000004;0.0
1555652276;-0.005972096704210891;8.31632080078125;0.0;0.0;0.0;0.0;0.0;0.968;0.032;0.0
1555652277;-0.0009988301381455556;8.2592529296875;0.0;0.0;0.0;0.0;0.0;0.907;0.092;0.0
1555652278;0.004466681407855512;8.24910888671875;0.0;0.0;0.0;0.0;0.0;0.9690000000000001;0.031;0.0
1555652279;0.006636696785776467;8.11287841796875;0.0;0.0;0.0;0.0;0.0;0.9490000000000001;0.051;0.0
1555652280;-0.029692185080235238;8.040087890625;0.0;0.0;0.0;0.0;0.0;0.9670000000000001;0.033;0.0
1555652281;0.031214781183132218;8.18714599609375;0.0;0.0;0.0;0.0;0.0;0.982;0.017;0.0
1555652282;-0.030503425716089293;8.11728515625;0.0;0.0;0.0;0.0;0.0;0.963;0.037000000000000005;0.0
1555652283;0.038307769458619835;8.12244873046875;0.0;0.0;0.0;0.0;0.0;0.977;0.023;0.0
1555652284;-0.004425743203102115;8.23271484375;0.0;0.0;0.0;0.0;0.0;0.988;0.012;0.0
1555652285;-0.011300181966791426;8.300146484375;0.0;0.0;0.0;0.0;0.0;0.965;0.035;0.0
1555652286;-0.0037169892408792046;8.0283935546875;0.0;0.0;0.0;0.0;0.0;0.976;0.024;0.0
1555652287;-0.005743143750727312;8.085498046875;0.0;0.0;0.0;0.0;0.0;0.976;0.023;0.0
1555652289;0.0006912838660590023;8.279870605468748;0.0;0.0;0.0;0.0;0.0;0.993;0.006999999999999999;0.0
1555652290;-0.0037882939243437407;8.51973876953125;0.0;0.0;0.0;0.0;0.0;0.9840000000000001;0.016;0.0
1555652291;0.011763027931137465;8.7047607421875;0.0;0.0;0.0;0.0;0.0;0.99;0.01;0.0
1555652292;-0.006826213630410646;8.721875;0.0;0.0;0.0;0.0;0.0;0.9940000000000001;0.006;0.0
1555652293;0.005099002673783239;8.7510498046875;0.0;0.0;0.0;0.0;0.0;0.978;0.022000000000000002;0.0
1555652294;-0.00401087442770709;8.802099609375;0.0;0.0;0.0;0.0;0.0;0.975;0.025;0.0
1555652295;0.011406514348448249;8.81463623046875;0.0;0.0;0.0;0.0;0.0;0.973;0.027000000000000003;0.0
1555652296;-0.010628072430702159;8.7518798828125;0.0;0.0;0.0;0.0;0.0;0.9840000000000001;0.016;0.0
1555652297;-0.003702302542298246;8.68055419921875;0.0;0.0;0.0;0.0;0.0;0.966;0.034;0.0
1555652298;0.00631223484235966;8.63984375;0.0;0.0;0.0;0.0;0.0;0.981;0.018000000000000002;0.0
1555652299;-0.011617617177645551;8.56702880859375;0.0;0.0;0.0;0.0;0.0;0.977;0.023;0.0
1555652300;0.0066534460450035394;8.49979248046875;0.0;0.0;0.0;0.0;0.0;0.8290000000000001;0.171;0.0
1555652301;-0.013444568564594242;8.404345703125;0.0;0.0;0.0;0.0;0.0;0.982;0.018000000000000002;0.0
1555652302;0.0149241249025325;8.501013183593749;0.0;0.0;0.0;0.0;0.0;0.973;0.027000000000000003;0.0
1555652303;0.010194965664283935;8.486621093749998;0.0;0.0;0.0;0.0;0.0;0.988;0.012;0.0
1555652304;-0.016681433176497597;8.471679687499998;0.0;0.0;0.0;0.0;0.0;0.9590000000000001;0.040999999999999995;0.0
1555652305;0.015535292512759782;8.4500732421875;0.0;0.0;0.0;0.0;0.0;0.972;0.027999999999999997;0.0
1555652306;-0.00656967051002855;8.4105712890625;0.0;0.0;0.0;0.0;0.0;0.95;0.05;0.0
1555652307;0.004924183186675734;8.3848876953125;0.0;0.0;0.0;0.0;0.0;0.9740000000000001;0.026000000000000002;0.0
1555652309;-0.005062712270326072;8.33896484375;0.0;0.0;0.0;0.0;0.0;0.9840000000000001;0.016;0.0
1555652310;0.007824185352024624;8.3849365234375;0.0;0.0;0.0;0.0;0.0;0.9690000000000001;0.03;0.0
1555652311;-0.008334403275313668;8.351391601562499;0.0;0.0;0.0;0.0;0.0;0.9740000000000001;0.026000000000000002;0.0
1555652312;0.004490587750104566;8.38809814453125;0.0;0.0;0.0;0.0;0.0;0.94;0.059000000000000004;0.0
1555652313;0.003840332184727262;8.359057617187498;0.0;0.0;0.0;0.0;0.0;0.97;0.03;0.0
1555652314;0.005518151942929346;8.33470458984375;0.0;0.0;0.0;0.0;0.0;0.966;0.033;0.0
1555652315;-0.006473863565464197;8.27911376953125;0.0;0.0;0.0;0.0;0.0;0.985;0.015;0.0
1555652316;0.0014046256197223414;8.2722412109375;0.0;0.0;0.0;0.0;0.0;0.978;0.022000000000000002;0.0
1555652317;0.004256953792022373;8.272802734375;0.0;0.0;0.0;0.0;0.0;0.987;0.012;0.0
1555652318;-0.003389939035211686;8.251953124999998;0.0;0.0;0.0;0.0;0.0;0.9840000000000001;0.016;0.0
1555652319;0.0023057259831670584;8.254260253906248;0.0;0.0;0.0;0.0;0.0;0.972;0.027999999999999997;0.0
1555652320;-0.007903708353687228;8.2323486328125;0.0;0.0;0.0;0.0;0.0;0.9840000000000001;0.016;0.0
1555652321;0.0049793951255575905;8.203125;0.0;0.0;0.0;0.0;0.0;0.9;0.1;0.0
1555652322;-0.0027209608631469217;8.203125;0.0;0.0;0.0;0.0;0.0;0.932;0.068;0.0
1555652323;0.0004495349402812655;8.19034423828125;0.0;0.0;0.0;0.0;0.0;0.978;0.022000000000000002;0.0
1555652324;0.00975358455126698;8.14041748046875;0.0;0.0;0.0;0.0;0.0;0.981;0.019;0.0
1555652325;-0.013438517160880523;8.0625;0.0;0.0;0.0;0.0;0.0;0.981;0.018000000000000002;0.0
1555652326;0.00724959259571632;8.15224609375;0.0;0.0;0.0;0.0;0.0;0.956;0.044000000000000004;0.0
1555652327;0.010031442210680959;8.11513671875;0.0;0.0;0.0;0.0;0.0;0.968;0.031;0.0
1555652328;0.000757835743350911;8.0878173828125;0.0;0.0;0.0;0.0;0.0;0.97;0.03;0.0
1555652329;-0.017831394213595485;8.1029296875;0.0;0.0;0.0;0.0;0.0;0.953;0.046;0.0
1555652331;-0.0085185872916726;8.16827392578125;0.0;0.0;0.0;0.0;0.0;0.978;0.022000000000000002;0.0
1555652332;0.003835118290789251;8.16724853515625;0.0;0.0;0.0;0.0;0.0;0.982;0.017;0.0
1555652333;0.010300849930744071;8.15015869140625;0.0;0.0;0.0;0.0;0.0;0.966;0.034;0.0
1555652334;-0.014383154419465253;8.14173583984375;0.0;0.0;0.0;0.0;0.0;0.98;0.02;0.0
1555652335;-0.002689620408148659;8.092297363281249;0.0;0.0;0.0;0.0;0.0;0.977;0.023;0.0
1555652336;0.01586202335366925;8.05172119140625;0.0;0.0;0.0;0.0;0.0;0.965;0.035;0.0
1555652337;-0.02113431352649553;8.022802734375;0.0;0.0;0.0;0.0;0.0;0.981;0.019;0.0
1555652338;0.00417076446916887;8.05487060546875;0.0;0.0;0.0;0.0;0.0;0.9520000000000001;0.047;0.0
1555652339;0.0012315176926416893;8.0109375;0.0;0.0;0.0;0.0;0.0;0.97;0.03;0.0
1555652340;0.0011524063350479045;7.9536865234375;0.0;0.0;0.0;0.0;0.0;0.961;0.039;0.0
1555652341;0.018105085969769345;7.93355712890625;0.0;0.0;0.0;0.0;0.0;0.971;0.027999999999999997;0.0
1555652342;-0.002640159007954423;7.9858642578125;0.0;0.0;0.0;0.0;0.0;0.9540000000000001;0.046;0.0
1555652343;0.00965266286793382;8.0567138671875;0.0;0.0;0.0;0.0;0.0;0.912;0.08800000000000001;0.0
1555652344;-0.012206009379159187;7.88497314453125;0.0;0.0;0.0;0.0;0.0;0.9640000000000001;0.036000000000000004;0.0
1555652345;-0.003878445996195779;8.015771484375;0.0;0.0;0.0;0.0;0.0;0.9670000000000001;0.033;0.0
1555652346;-0.01405680291031189;8.058544921875;0.0;0.0;0.0;0.0;0.0;0.973;0.027000000000000003;0.0
1555652347;0.0012315676625460751;8.0787109375;0.0;0.0;0.0;0.0;0.0;0.9690000000000001;0.031;0.0
1555652348;0.009837808173985631;8.2733642578125;0.0;0.0;0.0;0.0;0.0;0.97;0.03;0.0
1555652349;0.002085880423782228;8.34854736328125;0.0;0.0;0.0;0.0;0.0;0.96;0.039;0.0
1555652350;-0.009295935887135764;8.3179443359375;0.0;0.0;0.0;0.0;0.0;0.977;0.022000000000000002;0.0
1555652352;0.006237093949375467;8.20299072265625;0.0;0.0;0.0;0.0;0.0;0.968;0.032;0.0
1555652353;0.006397489276664144;8.2202392578125;0.0;0.0;0.0;0.0;0.0;0.971;0.028999999999999998;0.0
1555652354;0.0012637565352038097;8.3396240234375;0.0;0.0;0.0;0.0;0.0;0.96;0.04;0.0
1555652355;-0.004111014001871367;8.4400634765625;0.0;0.0;0.0;0.0;0.0;0.968;0.032;0.0
1555652356;-0.0039694499120932645;8.3971435546875;0.0;0.0;0.0;0.0;0.0;0.982;0.018000000000000002;0.0
1555652357;-0.0038604303105104452;8.33599853515625;0.0;0.0;0.0;0.0;0.0;0.971;0.028999999999999998;0.0
1555652358;0.015456688098303731;8.26380615234375;0.0;0.0;0.0;0.0;0.0;0.978;0.021;0.0
1555652359;-0.0036029171948333072;8.34881591796875;0.0;0.0;0.0;0.0;0.0;0.9790000000000001;0.021;0.0
1555652360;-0.0003967424126534044;8.38314208984375;0.0;0.0;0.0;0.0;0.0;0.978;0.022000000000000002;0.0
1555652361;0.012699047470721913;8.29490966796875;0.0;0.0;0.0;0.0;0.0;0.977;0.023;0.0
1555652362;-0.04305753378907642;8.043310546875;0.0;0.0;0.0;0.0;0.0;0.951;0.049;0.0
1555652363;0.03315146739447144;8.2858642578125;0.0;0.0;0.0;0.0;0.0;0.987;0.012;0.0
1555652364;0.0017859658995594586;8.25635986328125;0.0;0.0;0.0;0.0;0.0;0.975;0.024;0.0
1555652365;0.003745860847648215;8.2059814453125;0.0;0.0;0.0;0.0;0.0;0.991;0.009000000000000001;0.0
1555652366;-0.0266693363883937;8.04852294921875;0.0;0.0;0.0;0.0;0.0;0.981;0.019;0.0
1555652367;0.027337393683935358;8.14429931640625;0.0;0.0;0.0;0.0;0.0;0.9840000000000001;0.016;0.0
1555652368;-0.03201379658153939;7.984765625;0.0;0.0;0.0;0.0;0.0;0.9840000000000001;0.016;0.0
1555652369;0.015925942957996427;8.12193603515625;0.0;0.0;0.0;0.0;0.0;0.971;0.028999999999999998;0.0
1555652370;0.008177220593001399;7.9237548828125;0.0;0.0;0.0;0.0;0.0;0.977;0.023;0.0
1555652372;-0.019024646491808368;7.97100830078125;0.0;0.0;0.0;0.0;0.0;0.932;0.067;0.0
1555652373;0.029366165701096205;7.909484863281249;0.0;0.0;0.0;0.0;0.0;0.919;0.08;0.0
1555652374;-0.03936403461744697;7.498791503906249;0.0;0.0;0.0;0.0;0.0;0.9790000000000001;0.021;0.0
1555652375;-0.010957799661285388;7.78779296875;0.0;0.0;0.0;0.0;0.0;0.9570000000000001;0.042;0.0
1555652376;0.012581990650729786;8.173388671875;0.0;0.0;0.0;0.0;0.0;0.983;0.017;0.0
1555652377;-0.0007565867987440384;8.213818359375;0.0;0.0;0.0;0.0;0.0;0.9640000000000001;0.036000000000000004;0.0
1555652378;0.0035593653548529063;8.187841796875;0.0;0.0;0.0;0.0;0.0;0.9740000000000001;0.025;0.0
1555652379;-0.0075187980865937375;8.13082275390625;0.0;0.0;0.0;0.0;0.0;0.981;0.019;0.0
1555652380;0.0017109441665618974;7.871826171875;0.0;0.0;0.0;0.0;0.0;0.965;0.035;0.0
1555652381;0.018118085868668067;7.763562011718749;0.0;0.0;0.0;0.0;0.0;0.9540000000000001;0.046;0.0
1555652382;-0.0062025653625143;8.0001220703125;0.0;0.0;0.0;0.0;0.0;0.971;0.028999999999999998;0.0
1555652383;-0.006474111413015456;7.982983398437499;0.0;0.0;0.0;0.0;0.0;0.9470000000000001;0.052000000000000005;0.0
1555652384;-0.0012325610199131602;7.9581176757812475;0.0;0.0;0.0;0.0;0.0;0.968;0.032;0.0
1555652385;0.010237122148713487;7.88302001953125;0.0;0.0;0.0;0.0;0.0;0.985;0.015;0.0
1555652386;-0.00829955902482144;7.819921875;0.0;0.0;0.0;0.0;0.0;0.973;0.027000000000000003;0.0
1555652387;-0.005057847194541324;7.86475830078125;0.0;0.0;0.0;0.0;0.0;0.971;0.028999999999999998;0.0
1555652388;-0.008753296265181027;8.14288330078125;0.0;0.0;0.0;0.0;0.0;0.991;0.009000000000000001;0.0
1555652389;0.001027367249942256;8.003076171875;0.0;0.0;0.0;0.0;0.0;0.992;0.006999999999999999;0.0
1555652390;0.006545870857556286;8.05443115234375;0.0;0.0;0.0;0.0;0.0;0.972;0.027999999999999997;0.0
1555652392;-0.007969769005299667;7.9681396484375;0.0;0.0;0.0;0.0;0.0;0.983;0.017;0.0
1555652393;0.01061573842122819;7.9243041992187475;0.0;0.0;0.0;0.0;0.0;0.988;0.012;0.0
1555652394;-0.01977316394051073;7.81768798828125;0.0;0.0;0.0;0.0;0.0;0.9740000000000001;0.026000000000000002;0.0
1555652395;0.02233526705719704;7.9294189453125;0.0;0.0;0.0;0.0;0.0;0.963;0.037000000000000005;0.0
1555652396;0.003233355856137384;7.8754638671874995;0.0;0.0;0.0;0.0;0.0;0.977;0.022000000000000002;0.0
1555652397;0.01580734474863064;7.53387451171875;0.0;0.0;0.0;0.0;0.0;0.965;0.034;0.0
1555652398;-0.029811700249117837;7.792480468749999;0.0;0.0;0.0;0.0;0.0;0.9840000000000001;0.015;0.0
1555652399;-0.0008964796027495453;7.5419189453124975;0.0;0.0;0.0;0.0;0.0;0.985;0.015;0.0
1555652400;0.01254403670336828;7.6985595703125;0.0;0.0;0.0;0.0;0.0;0.981;0.019;0.0
1555652401;-0.008040134357291;7.80797119140625;0.0;0.0;0.0;0.0;0.0;0.981;0.019;0.0
1555652402;0.005455733361153049;7.79525146484375;0.0;0.0;0.0;0.0;0.0;0.988;0.012;0.0
1555652403;-0.0008962220650141768;7.805712890625;0.0;0.0;0.0;0.0;0.0;0.9790000000000001;0.021;0.0
1555652404;-0.0003932361063853634;7.80152587890625;0.0;0.0;0.0;0.0;0.0;0.9590000000000001;0.040999999999999995;0.0
1555652405;0.00400661748201033;7.76539306640625;0.0;0.0;0.0;0.0;0.0;0.9390000000000001;0.061;0.0
1555652406;-0.009751943500782205;7.80760498046875;0.0;0.0;0.0;0.0;0.0;0.971;0.028999999999999998;0.0
1555652407;0.01676983060249661;8.19329833984375;0.0;0.0;0.0;0.0;0.0;0.951;0.049;0.0
1555652408;-0.0063730573749356725;8.32459716796875;0.0;0.0;0.0;0.0;0.0;0.973;0.027000000000000003;0.0
1555652409;-0.005799349120367253;8.204345703125;0.0;0.0;0.0;0.0;0.0;0.9670000000000001;0.033;0.0
1555652410;0.0032588166184893373;8.2240234375;0.0;0.0;0.0;0.0;0.0;0.9440000000000001;0.055;0.0
1555652412;0.01602966443966707;8.0239013671875;0.0;0.0;0.0;0.0;0.0;0.978;0.022000000000000002;0.0
1555652413;-0.0035927556109647744;8.1130126953125;0.0;0.0;0.0;0.0;0.0;0.986;0.013999999999999999;0.0
1555652414;0.001873376051029825;8.01661376953125;0.0;0.0;0.0;0.0;0.0;0.987;0.013000000000000001;0.0
1555652415;0.0041405521257179495;7.9738037109374975;0.0;0.0;0.0;0.0;0.0;0.985;0.013999999999999999;0.0
1555652416;-0.0004099426649213455;8.01864013671875;0.0;0.0;0.0;0.0;0.0;0.976;0.024;0.0
1555652417;0.006655227368084679;8.010791015625;0.0;0.0;0.0;0.0;0.0;0.983;0.017;0.0
1555652418;-0.008899535996542059;7.834912109375;0.0;0.0;0.0;0.0;0.0;0.968;0.032;0.0
1555652419;0.004793059480011143;7.70819091796875;0.0;0.0;0.0;0.0;0.0;0.9890000000000001;0.011000000000000001;0.0
1555652420;-0.003194187100217661;7.9033691406249975;0.0;0.0;0.0;0.0;0.0;0.948;0.052000000000000005;0.0
1555652421;-0.008576059823741452;7.92440185546875;0.0;0.0;0.0;0.0;0.0;0.9329999999999999;0.066;0.0
1555652422;0.0007970828743435504;7.89796142578125;0.0;0.0;0.0;0.0;0.0;0.937;0.063;0.0
1555652423;0.004048235994612346;7.734020996093749;0.0;0.0;0.0;0.0;0.0;0.938;0.062;0.0
1555652424;0.0017979902205924507;7.618530273437499;0.0;0.0;0.0;0.0;0.0;0.971;0.027999999999999997;0.0
1555652425;-0.014429797355499291;7.673413085937499;0.0;0.0;0.0;0.0;0.0;0.9590000000000001;0.040999999999999995;0.0
1555652426;0.02862593248816062;7.845288085937499;0.0;0.0;0.0;0.001;0.0;0.9790000000000001;0.006999999999999999;0.013000000000000001
1555652427;-0.025511843035843567;7.8393310546874995;0.0;0.0;0.0;0.0;0.0;0.972;0.027000000000000003;0.0
1555652428;-0.03641617909268122;7.580273437499999;0.0;0.0;0.0;0.0;0.0;0.97;0.028999999999999998;0.0
1555652429;0.04682307920412386;7.96239013671875;0.0;0.0;0.0;0.0;0.0;0.9690000000000001;0.031;0.0
1555652430;-0.005142591824340889;8.39659423828125;0.0;0.0;0.0;0.0;0.0;0.955;0.045;0.0
1555652431;0.0036836623779550643;8.60416259765625;0.0;0.0;0.0;0.0;0.0;0.975;0.024;0.0
1555652433;-0.00034664886581848035;8.479309082031248;0.0;0.0;0.0;0.0;0.0;0.9359999999999999;0.064;0.0
1555652434;-0.0014481868112392025;8.43292236328125;0.0;0.0;0.0;0.0;0.0;0.9790000000000001;0.021;0.0
1555652435;0.0017753565628176593;8.37308349609375;0.0;0.0;0.0;0.0;0.0;0.9640000000000001;0.035;0.0
1555652436;0.0006781254160324127;8.35115966796875;0.0;0.0;0.0;0.0;0.0;0.97;0.03;0.0
1555652437;-0.0002581903268309036;8.34398193359375;0.0;0.0;0.0;0.0;0.0;0.971;0.028999999999999998;0.0
1555652438;-0.0015392869403591106;8.31507568359375;0.0;0.0;0.0;0.0;0.0;0.955;0.045;0.0
1555652439;0.0033773576390568197;8.2696533203125;0.0;0.0;0.0;0.0;0.0;0.961;0.039;0.0
1555652440;-0.010549137105730648;8.20869140625;0.0;0.0;0.0;0.0;0.0;0.9740000000000001;0.026000000000000002;0.0
1555652441;0.00973225352077323;8.262353515625;0.0;0.0;0.0;0.0;0.0;0.98;0.02;0.0
1555652442;0.002141108874899344;8.237097167968749;0.0;0.0;0.0;0.0;0.0;0.955;0.044000000000000004;0.0
1555652443;-0.0029524058342491025;8.207568359375;0.0;0.0;0.0;0.0;0.0;0.9740000000000001;0.026000000000000002;0.0
1555652444;-0.0002817991279487056;8.177587890625;0.0;0.0;0.0;0.0;0.0;0.9540000000000001;0.046;0.0
1555652445;0.00046247430597696153;8.149755859375;0.0;0.0;0.0;0.0;0.0;0.9840000000000001;0.015;0.0
1555652446;0.0006344901884067105;8.116735839843749;0.0;0.0;0.0;0.0;0.0;0.982;0.018000000000000002;0.0
1555652447;0.004972605330517615;8.1642578125;0.0;0.0;0.0;0.0;0.0;0.9890000000000001;0.011000000000000001;0.0
1555652448;0.00028534289883619537;8.3013671875;0.0;0.0;0.0;0.0;0.0;0.978;0.022000000000000002;0.0
1555652449;0.0007147457317405366;8.397314453125;0.0;0.0;0.0;0.0;0.0;0.985;0.015;0.0
1555652450;-0.0006260110898217133;8.4124267578125;0.0;0.0;0.0;0.0;0.0;0.9129999999999999;0.086;0.0
1555652451;-0.004069414736326376;8.36522216796875;0.0;0.0;0.0;0.0;0.0;0.914;0.086;0.0
1555652453;0.02988032586230157;8.15350341796875;0.0;0.0;0.0;0.0;0.0;0.9359999999999999;0.064;0.0
1555652454;-0.04211170556948685;7.96978759765625;0.0;0.0;0.0;0.0;0.0;0.948;0.052000000000000005;0.0
1555652455;-0.02880580174842002;7.960388183593749;0.0;0.0;0.0;0.0;0.0;0.9640000000000001;0.036000000000000004;0.0
1555652456;0.08384424776296566;8.3103759765625;0.0;0.0;0.0;0.0;0.0;0.97;0.028999999999999998;0.0
1555652457;-0.05335959597270544;8.435302734375;0.0;0.0;0.0;0.0;0.0;0.9790000000000001;0.021;0.0
1555652458;0.03483275475576182;8.6272705078125;0.0;0.0;0.0;0.0;0.0;0.955;0.044000000000000004;0.0
1555652459;-0.03467148542087645;8.17462158203125;0.0;0.0;0.0;0.0;0.0;0.9790000000000001;0.021;0.0
1555652460;-0.0034858607295459114;8.29625244140625;0.0;0.0;0.0;0.0;0.0;0.975;0.025;0.0
1555652461;-0.0029310695047774804;8.43817138671875;0.0;0.0;0.0;0.0;0.0;0.993;0.006;0.0
1555652462;0.006312487311417991;8.106201171875;0.0;0.0;0.0;0.0;0.0;0.99;0.01;0.0
1555652463;0.016661342538021127;8.2611572265625;0.0;0.0;0.0;0.0;0.0;0.9890000000000001;0.01;0.0
1555652464;-0.02568901680612069;8.34227294921875;0.0;0.0;0.0;0.0;0.0;0.99;0.01;0.0
1555652465;0.003550054293186131;8.17769775390625;0.0;0.0;0.0;0.0;0.0;0.9940000000000001;0.006;0.0
1555652466;0.010617831499302328;8.116821289062498;0.0;0.0;0.0;0.0;0.0;0.9790000000000001;0.021;0.0
1555652467;0.0077057521820431485;8.1671630859375;0.0;0.0;0.0;0.0;0.0;0.9009999999999999;0.098;0.0
1555652468;-0.007002273536803568;8.22850341796875;0.0;0.0;0.0;0.0;0.0;0.973;0.026000000000000002;0.0
1555652469;-0.005861109110847695;8.075390625;0.0;0.0;0.0;0.0;0.0;0.951;0.048;0.0
1555652470;0.0006061637858182087;7.85965576171875;0.0;0.0;0.0;0.0;0.0;0.948;0.052000000000000005;0.0
1555652471;0.0009842394789797834;8.02054443359375;0.0;0.0;0.0;0.0;0.0;0.9640000000000001;0.035;0.0
1555652473;0.005273813097611979;8.18638916015625;0.0;0.0;0.0;0.0;0.0;0.9590000000000001;0.04;0.0
1555652474;-0.02234152330519868;8.2802734375;0.0;0.0;0.0;0.0;0.0;0.945;0.055;0.0
1555652475;0.06838192073576323;8.54715576171875;0.0;0.0;0.0;0.0;0.0;0.993;0.006999999999999999;0.0
1555652476;-0.04150437704910738;8.5604736328125;0.0;0.0;0.0;0.0;0.0;0.981;0.019;0.0
1555652477;-0.005779121818617949;8.64197998046875;0.0;0.0;0.0;0.0;0.0;0.987;0.013000000000000001;0.0
1555652478;0.0020412503309090338;8.581689453125;0.0;0.0;0.0;0.0;0.0;0.975;0.025;0.0
1555652479;0.002842709687159325;8.558740234375;0.0;0.0;0.0;0.0;0.0;0.9620000000000001;0.037000000000000005;0.0
1555652480;-0.0013546491759678164;8.52919921875;0.0;0.0;0.0;0.0;0.0;0.9790000000000001;0.021;0.0
1555652481;0.00282097224522946;8.4711669921875;0.0;0.0;0.0;0.0;0.0;0.96;0.04;0.0
1555652482;0.011400444223726266;8.4355712890625;0.0;0.0;0.0;0.0;0.0;0.981;0.018000000000000002;0.0
1555652483;-0.013230317830726623;8.39290771484375;0.0;0.0;0.0;0.0;0.0;0.9690000000000001;0.031;0.0
1555652484;0.002054678713223837;8.31827392578125;0.0;0.0;0.0;0.0;0.0;0.9740000000000001;0.026000000000000002;0.0
1555652485;-0.003054494076969591;8.279638671875;0.0;0.0;0.0;0.0;0.0;0.903;0.096;0.0
1555652486;0.007793637275342911;8.2763671875;0.0;0.0;0.0;0.0;0.0;0.951;0.049;0.0
1555652487;0.006633958240179137;8.24920654296875;0.0;0.0;0.0;0.0;0.0;0.975;0.025;0.0
1555652488;-0.018703462199337287;8.20565185546875;0.0;0.0;0.0;0.0;0.0;0.987;0.013000000000000001;0.0
1555652489;0.007482350098961211;8.203857421875;0.0;0.0;0.0;0.0;0.0;0.983;0.017;0.0
1555652490;0.012657800029903521;8.13380126953125;0.0;0.0;0.0;0.0;0.0;0.988;0.011000000000000001;0.0
1555652491;-0.00304348716399969;8.2746826171875;0.0;0.0;0.0;0.0;0.0;0.991;0.008;0.0
1555652492;-0.016181338783519798;8.2796630859375;0.0;0.0;0.0;0.0;0.0;0.991;0.009000000000000001;0.0
1555652493;0.002753084559665413;8.26004638671875;0.0;0.0;0.0;0.0;0.0;0.9690000000000001;0.03;0.0
1555652495;0.00757026055941935;8.62147216796875;0.0;0.0;0.0;0.0;0.0;0.9590000000000001;0.040999999999999995;0.0
1555652496;-0.006728012751109567;8.686181640625;0.0;0.0;0.0;0.0;0.0;0.9420000000000001;0.057999999999999996;0.0
1555652497;0.0010035123161354943;8.50897216796875;0.0;0.0;0.0;0.0;0.0;0.978;0.022000000000000002;0.0
1555652498;-0.00015834974629159255;8.51278076171875;0.0;0.0;0.0;0.0;0.0;0.993;0.006999999999999999;0.0
1555652499;-0.017290886631860222;8.57952880859375;0.0;0.0;0.0;0.0;0.0;0.987;0.013000000000000001;0.0
1555652500;0.013389467192176464;8.64202880859375;0.0;0.0;0.0;0.0;0.0;0.97;0.03;0.0
1555652501;0.012833453160958469;8.5427001953125;0.0;0.0;0.0;0.0;0.0;0.938;0.062;0.0
1555652502;-0.00844079365481816;8.33865966796875;0.0;0.0;0.0;0.0;0.0;0.97;0.028999999999999998;0.0
1555652503;-0.011636113765401513;8.35283203125;0.0;0.0;0.0;0.0;0.0;0.977;0.023;0.0
1555652504;0.021262875153269408;8.43974609375;0.0;0.0;0.0;0.0;0.0;0.987;0.013000000000000001;0.0
1555652505;0.001716916572345078;8.387548828125;0.0;0.0;0.0;0.0;0.0;0.894;0.105;0.0
1555652506;-0.012099332204791051;8.369531249999998;0.0;0.0;0.0;0.0;0.0;0.972;0.027999999999999997;0.0
1555652507;0.011909688169984;8.3658447265625;0.0;0.0;0.0;0.0;0.0;0.985;0.015;0.0
1555652508;-0.005380059157278024;8.39248046875;0.0;0.0;0.0;0.0;0.0;0.963;0.037000000000000005;0.0
1555652509;-0.0048024657151951216;8.42252197265625;0.0;0.0;0.0;0.0;0.0;0.973;0.027000000000000003;0.0
1555652510;0.01207843341594257;8.391357421875;0.0;0.0;0.0;0.0;0.0;0.9640000000000001;0.036000000000000004;0.0
1555652511;0.0008410078041898343;8.33634033203125;0.0;0.0;0.0;0.0;0.0;0.971;0.028999999999999998;0.0
1555652512;-0.01808444573151509;8.3337890625;0.0;0.0;0.0;0.0;0.0;0.965;0.035;0.0
1555652513;-0.0018250255120522327;8.32728271484375;0.0;0.0;0.0;0.0;0.0;0.975;0.025;0.0
1555652515;0.0029095010044429283;8.247497558593748;0.0;0.0;0.0;0.0;0.0;0.963;0.037000000000000005;0.0
1555652516;-0.001715616218705283;8.246594238281249;0.0;0.0;0.0;0.0;0.0;0.966;0.034;0.0
1555652517;0.004105029816314857;8.239331054687499;0.0;0.001;0.0;0.0;0.0;0.889;0.11;0.0
1555652518;0.006037174749235368;8.30001220703125;0.0;0.0;0.0;0.0;0.0;0.977;0.023;0.0
1555652519;-0.00951043623738298;8.39381103515625;0.0;0.0;0.0;0.0;0.0;0.986;0.013999999999999999;0.0
1555652520;-0.0033637920181854397;8.39749755859375;0.0;0.0;0.0;0.0;0.0;0.973;0.027000000000000003;0.0
1555652521;0.0024486089962884976;8.369140624999998;0.0;0.0;0.0;0.0;0.0;0.958;0.042;0.0
1555652522;-0.0014557509500356884;8.3405029296875;0.0;0.0;0.0;0.0;0.0;0.9790000000000001;0.02;0.0
1555652523;-0.0032783914280783504;8.30855712890625;0.0;0.0;0.0;0.0;0.0;0.978;0.022000000000000002;0.0
1555652524;0.006472173648916281;8.2306884765625;0.0;0.0;0.0;0.0;0.0;0.9790000000000001;0.021;0.0
1555652525;-0.00875086766443477;8.25633544921875;0.0;0.0;0.0;0.0;0.0;0.98;0.02;0.0
1555652526;0.012700671794297264;8.133642578124999;0.0;0.0;0.0;0.0;0.0;0.9309999999999999;0.069;0.0
1555652527;-0.0007750599570676272;8.11680908203125;0.0;0.0;0.0;0.0;0.0;0.9790000000000001;0.021;0.0
1555652528;0.011688767930550816;8.1046142578125;0.0;0.0;0.0;0.0;0.0;0.943;0.055999999999999994;0.0
1555652529;-0.00740060905646975;8.11083984375;0.0;0.0;0.0;0.0;0.0;0.961;0.038;0.0
1555652530;-0.006138442663000875;8.17054443359375;0.0;0.0;0.0;0.0;0.0;0.975;0.025;0.0
1555652531;-0.010334516434725535;8.0792724609375;0.0;0.0;0.0;0.0;0.0;0.895;0.10400000000000001;0.0
1555652532;0.022358625332812892;7.938134765625;0.0;0.0;0.0;0.0;0.0;0.971;0.028999999999999998;0.0
1555652533;-0.01110236590203698;7.925793457031249;0.0;0.0;0.0;0.0;0.0;0.973;0.027000000000000003;0.0
1555652535;0.002680256568647825;8.00433349609375;0.0;0.0;0.0;0.0;0.0;0.983;0.017;0.0
1555652536;0.00258185259699802;7.984216308593749;0.0;0.0;0.0;0.0;0.0;0.987;0.013000000000000001;0.0
1555652537;0.003364470572295553;8.0037109375;0.0;0.0;0.0;0.0;0.0;0.976;0.024;0.0
1555652538;-0.010605277476251715;7.983398437499999;0.0;0.0;0.0;0.0;0.0;0.9790000000000001;0.021;0.0
1555652539;0.00029903441088310016;7.992431640624999;0.0;0.0;0.0;0.0;0.0;0.914;0.086;0.0
1555652540;-0.004578220032685185;8.07288818359375;0.0;0.0;0.0;0.0;0.0;0.976;0.024;0.0
1555652541;-0.005468482688624247;8.1498779296875;0.0;0.0;0.0;0.0;0.0;0.97;0.028999999999999998;0.0
1555652542;-0.002498786308558939;8.0139404296875;0.0;0.0;0.0;0.0;0.0;0.945;0.055;0.0
1555652543;0.006761584374645603;8.234814453125;0.0;0.0;0.0;0.0;0.0;0.91;0.09;0.0
1555652544;0.010590878421496516;8.2688232421875;0.0;0.0;0.0;0.0;0.0;0.961;0.039;0.0
1555652545;0.002073637790384277;8.25819091796875;0.0;0.0;0.0;0.0;0.0;0.991;0.009000000000000001;0.0
1555652546;0.0053381806074949386;8.32109375;0.0;0.0;0.0;0.0;0.0;0.961;0.039;0.0
1555652547;-0.003277324050052894;8.33231201171875;0.0;0.0;0.0;0.0;0.0;0.978;0.022000000000000002;0.0
1555652548;0.001248842571464714;8.575634765625;0.0;0.0;0.0;0.0;0.0;0.966;0.033;0.0
1555652549;-0.008049630041731459;8.669580078125;0.0;0.0;0.0;0.0;0.0;0.972;0.027999999999999997;0.0
1555652550;0.002507851435507598;8.6094482421875;0.0;0.0;0.0;0.0;0.0;0.977;0.023;0.0
1555652551;0.0010406151236116831;8.5544921875;0.0;0.0;0.0;0.0;0.0;0.9690000000000001;0.03;0.0
1555652552;-0.0023222318594129307;8.52650146484375;0.0;0.0;0.0;0.0;0.0;0.972;0.027999999999999997;0.0
1555652554;0.005656956550260067;8.49437255859375;0.0;0.0;0.0;0.0;0.0;0.978;0.022000000000000002;0.0
1555652555;-0.0027415675930384693;8.4331298828125;0.0;0.0;0.0;0.0;0.0;0.9690000000000001;0.031;0.0
1555652556;-0.003581052052560668;8.357958984374998;0.0;0.0;0.0;0.0;0.0;0.961;0.039;0.0
1555652557;0.003114102666479697;8.3720703125;0.0;0.0;0.0;0.0;0.0;0.956;0.043;0.0
1555652560;0.002446527648328852;8.41195068359375;0.0;0.0;0.0;0.0;0.0;0.997;0.003;0.0
1555652563;-0.008302764911540448;8.41728515625;0.0;0.0;0.0;0.0;0.0;0.9790000000000001;0.021;0.0
1555652564;-0.014190459776042488;8.4585693359375;0.0;0.0;0.0;0.0;0.0;0.9840000000000001;0.016;0.0
1555652565;0.024415484376500873;8.4669677734375;0.0;0.0;0.0;0.0;0.0;0.9890000000000001;0.011000000000000001;0.0
1555652566;-0.010129547914651616;8.401513671875;0.0;0.0;0.0;0.0;0.0;0.988;0.012;0.0
